,id,listing_url,scrape_id,last_scraped,source,name,description,neighborhood_overview,picture_url,host_id,host_url,host_name,host_since,host_location,host_about,host_response_time,host_response_rate,host_acceptance_rate,host_is_superhost,host_thumbnail_url,host_picture_url,host_neighbourhood,host_listings_count,host_total_listings_count,host_verifications,host_has_profile_pic,host_identity_verified,neighbourhood,neighbourhood_cleansed,neighbourhood_group_cleansed,latitude,longitude,property_type,room_type,accommodates,bathrooms,bathrooms_text,bedrooms,beds,amenities,price,minimum_nights,maximum_nights,minimum_minimum_nights,maximum_minimum_nights,minimum_maximum_nights,maximum_maximum_nights,minimum_nights_avg_ntm,maximum_nights_avg_ntm,calendar_updated,has_availability,availability_30,availability_60,availability_90,availability_365,calendar_last_scraped,number_of_reviews,number_of_reviews_ltm,number_of_reviews_l30d,first_review,last_review,review_scores_rating,review_scores_accuracy,review_scores_cleanliness,review_scores_checkin,review_scores_communication,review_scores_location,review_scores_value,license,instant_bookable,calculated_host_listings_count,calculated_host_listings_count_entire_homes,calculated_host_listings_count_private_rooms,calculated_host_listings_count_shared_rooms,reviews_per_month
26,129278,https://www.airbnb.com/rooms/129278,20240900000000,2024-09-05,city scrape,Villa with terrace in Venice Lido,"A rare find boasting an exceptionally large garden exclusively for our guests' enjoyment.<br />Welcome to this spacious villa apartment, 8-10 guests. <br /><br />Just a 2-minute walk to the beach ""Quattro Fontane"", and a short ""vaporetto"" ride to Saint Mark's Square, this location provides easy access to Venice's attractions. Nearby, enjoy easy access to local shops, sports like riding, tennis, and golf.","Revealing the magic of the Lido as a sustainable tourist destination.<br /><br />The Lido stands out from the rest of Venice's charming islands with its modern and vibrant atmosphere. <br />What makes the Lido truly special is its ability to offer an escape from the hustle and bustle of mass tourism. While enjoying the serene sounds of distant bells echoing across the lagoon and avoiding the crowds of tourists taking selfies, visitors can truly appreciate the island's unique charm. However, the real magic of the Lido lies in its role as a sanctuary for both newcomers and longtime residents alike.<br /><br />On the Lido, a genuine and authentic community thrives. Its residents have personally witnessed Venice's transformation over time. By choosing to call this island home, they are determined to preserve its distinct character and prevent the overt commercialisation that can be seen in other parts of Venice. These residents are the devoted stewards of the Lido's spirit, nurturing local",https://a0.muscache.com/pictures/838499/454916f6_original.jpg,485439,https://www.airbnb.com/users/show/485439,Elisabetta,2011-04-05,"Milan, Italy","I'm a serial traveller, antiques dealer, a very happy mother and grandmother. _x000D_
I love  art, history,  ancient castles and mansions._x000D_
I would always like to know something about my guests, where they come from and what they like to do._x000D_
I live between Milan and London.",within a few hours,1.0,1.0,t,https://a0.muscache.com/im/users/485439/profile_pic/1302265311/original.jpg?aki_policy=profile_small,https://a0.muscache.com/im/users/485439/profile_pic/1302265311/original.jpg?aki_policy=profile_x_medium,Lido,2,4,"['email', 'phone']",t,t,"Venice, Veneto, Italy",Lido,Isole,45.40782,12.36728,Entire condo,Entire home/apt,10,3.0,3 baths,3.0,8.0,"[""Refrigerator"", ""Outdoor dining area"", ""Drying rack for clothing"", ""Baking sheet"", ""Dining table"", ""Freezer"", ""Free resort access"", ""Dishes and silverware"", ""Toaster"", ""Waterfront"", ""Cleaning products"", ""Hair dryer"", ""Outdoor furniture"", ""Hot water"", ""Long term stays allowed"", ""Private entrance"", ""Babysitter recommendations"", ""River view"", ""Cleaning available during stay"", ""Bathtub"", ""Body soap"", ""Free washer \u2013 In unit"", ""Iron"", ""Host greets you"", ""Bed linens"", ""Dedicated workspace"", ""Books and reading material"", ""Central heating"", ""Room-darkening shades"", ""Private patio or balcony"", ""Garden view"", ""Microwave"", ""Bidet"", ""Wine glasses"", ""Hangers"", ""Essentials"", ""Private backyard \u2013 Fully fenced"", ""Dishwasher"", ""Cooking basics"", ""Wifi"", ""Portable fans"", ""Free street parking"", ""Pets allowed"", ""Boat slip"", ""Kitchen"", ""Laundromat nearby"", ""TV"", ""Coffee maker: espresso machine, Nespresso"", ""Oven"", ""Clothing storage: wardrobe and dresser"", ""Shared beach access""]",1257.0,14,180,14,14,180,180,14.0,180.0,,t,21,48,67,247,2024-09-05,8,0,0,2012-05-31,2021-08-17,3.8,4.13,2.88,4.38,4.38,4.88,3.75,,f,1,1,0,0,0.05
796,6333933,https://www.airbnb.com/rooms/6333933,20240900000000,2024-09-05,city scrape,Nice Bright flat near San Marco,"Central position very sunny flat last floor, beautiful view on the Venetian Roofs.<br />3 Bedrooms, one studio, 2 bathrooms.....",,https://a0.muscache.com/pictures/79199133/f1bb3512_original.jpg,32850879,https://www.airbnb.com/users/show/32850879,Malcom,2015-05-07,,"I'm owner of Slowbuilding company biocompatible building specialized in fresco decorations and ancient romans and Greek plaster techniques._x000D_
I have a wife Isabella and 2 wonderful kids Miro and Zaccaria.",a few days or more,0.0,0.0,f,https://a0.muscache.com/im/users/32850879/profile_pic/1431064779/original.jpg?aki_policy=profile_small,https://a0.muscache.com/im/users/32850879/profile_pic/1431064779/original.jpg?aki_policy=profile_x_medium,,1,1,"['email', 'phone']",t,t,,Castello,Isole,45.43728,12.34356,Entire rental unit,Entire home/apt,5,2.0,2 baths,4.0,5.0,[],166.0,3,45,3,3,45,45,3.0,45.0,,t,9,30,60,335,2024-09-05,1,0,0,2015-09-25,2015-09-25,5.0,0.0,0.0,0.0,0.0,0.0,0.0,,f,1,1,0,0,0.01
3785,40462117,https://www.airbnb.com/rooms/40462117,20240900000000,2024-09-05,previous scrape,Light and cosy room near the sea,The apartment is located in quite place with an amazing view and close to the city center. 10 minutes by walk and 3 minutes by bus to the station.,Neighbourhood is just near the sea and there is a garden and restaurants that guests spend their time.,https://a0.muscache.com/pictures/131d49cb-8a07-4c1f-af0f-d52c09d9f689.jpg,206607965,https://www.airbnb.com/users/show/206607965,Hasan,2018-08-01,,I study master degree in Venice and I live in Lido of Venezia. I would be glad for hosting new guests of the city and show them best places to visit.,,,,f,https://a0.muscache.com/im/pictures/user/0f8b17f7-2aa0-4a7d-a414-086f334257b9.jpg?aki_policy=profile_small,https://a0.muscache.com/im/pictures/user/0f8b17f7-2aa0-4a7d-a414-086f334257b9.jpg?aki_policy=profile_x_medium,Lido,1,2,"['email', 'phone']",t,t,"Lido, Veneto, Italy",Lido,Isole,45.40685,12.36462,Private room in rental unit,Private room,2,,1 shared bath,,,"[""Hangers"", ""Essentials"", ""Shampoo"", ""Iron"", ""Kitchen"", ""Air conditioning"", ""Smoking allowed"", ""Hair dryer"", ""Heating"", ""Hot water"", ""Wifi"", ""Washer""]",,1,3,1,1,3,3,1.0,3.0,,t,0,0,0,0,2024-09-05,2,0,0,2019-12-28,2020-01-03,4.0,4.5,2.5,5.0,5.0,5.0,4.0,,f,1,0,1,0,0.04
3911,41832487,https://www.airbnb.com/rooms/41832487,20240900000000,2024-09-05,city scrape,Venice Star House (Triple room with city view),"We are located in Venice Mainland  Marghera 1 km  to mestre  train station. In a few minutes a bus ride will bring you to the heart of city .Venice Star House  offers guests free-wifi, free parking and linen and towels included in the price.Rooms have a city and garden view and have also  fridges.and hair dryer.using public transports available near the Guest house.The nearest airport is Venice Marco Polo Airport, 6.2 mi from the property. Treviso Airport.We also offer free luggage deposit.",,https://a0.muscache.com/pictures/116b9591-dbae-4d8f-ab8b-6d8be2f10fc3.jpg,330431750,https://www.airbnb.com/users/show/330431750,Anwarul Islam,2020-01-24,"Venice, Italy",,within an hour,0.92,1.0,f,https://a0.muscache.com/im/pictures/user/fcae7df3-5612-4d29-8ccc-9a8336b817ea.jpg?aki_policy=profile_small,https://a0.muscache.com/im/pictures/user/fcae7df3-5612-4d29-8ccc-9a8336b817ea.jpg?aki_policy=profile_x_medium,,3,4,"['email', 'phone']",t,t,,Marghera,Terraferma,45.47506,12.22267,Private room in rental unit,Private room,3,1.0,1 bath,1.0,2.0,"[""Hangers"", ""Essentials"", ""Shampoo"", ""First aid kit"", ""Free parking on premises"", ""Host greets you"", ""Kitchenette"", ""TV"", ""Lock on bedroom door"", ""Dedicated workspace"", ""Hair dryer"", ""Heating"", ""Wifi"", ""Private entrance""]",58.0,1,30,1,1,99,99,1.0,99.0,,t,19,49,79,288,2024-09-05,8,7,4,2020-08-16,2024-08-23,3.25,3.0,2.75,3.13,3.13,4.0,3.25,,t,3,1,2,0,0.16
4595,50780320,https://www.airbnb.com/rooms/50780320,20240900000000,2024-09-05,city scrape,Appartamento Calmo 3DX,"The building is on 3 floors, every floor has 2 apartments and all are identical. 2 bedrooms, 2 bathroom a living and dining room and a kitchen. All apartment shave a small terrace and a balcony the building has also a shared garden. The building is facing just off the Excelsior hotel on the Lungo mare Marconi and  the street gate is 200 meters from the beach. <br />Bright and spacious every apartment has a view on the green of the garden, air conditioning, internet wireless and a fully equipped kitchen. The apartments can be rented also for monthly or seasonal periods and it is ideal for a family holiday at the Lido beach. The street parallel to Lungo mare Marconi is Via San Sandro Gallo where there is plenty of groceries and patisseries. The area is well served by the buses to go to any direction of the island and the area is extremely quiet.",,https://a0.muscache.com/pictures/prohost-api/Hosting-50780320/original/0e5c1894-bba5-43b6-8914-ca77d243a4bd.jpeg,3972291,https://www.airbnb.com/users/show/3972291,Caroline E Marco,2012-10-25,"Venice, Italy","The Red House Company is a property management organization that operate in Venice delivering top quality apartments to international visitor's and tourists that want to experience Venice from a different point of view. Living the town at a citizen level instead of the classic and anonymous Hotel stay._x000D_
We have registered as a company after one year of web marketing consultancy and we now manage  various property in Venice with a high standard service and personal relationship with ll our guests. _x000D_
The Red House manages properties of different owners and we have built a reputation thru our quality and intense attention to details and guest's satisfaction.",within an hour,0.97,1.0,t,https://a0.muscache.com/im/pictures/user/6a5e630a-4ab0-4731-839f-b26c170d3057.jpg?aki_policy=profile_small,https://a0.muscache.com/im/pictures/user/6a5e630a-4ab0-4731-839f-b26c170d3057.jpg?aki_policy=profile_x_medium,Cannaregio,45,49,"['email', 'phone', 'work_email']",t,t,,Lido,Isole,45.40203,12.36328,Entire rental unit,Entire home/apt,5,2.0,2 baths,2.0,3.0,"[""Dishes and silverware"", ""Hair dryer"", ""Heating"", ""Hot water"", ""Long term stays allowed"", ""Luggage dropoff allowed"", ""Iron"", ""Patio or balcony"", ""Bed linens"", ""Host greets you"", ""Dedicated workspace"", ""Backyard"", ""Washer"", ""Hangers"", ""Cooking basics"", ""Wifi"", ""Air conditioning"", ""Single level home"", ""Dryer"", ""Free street parking"", ""Coffee maker"", ""Kitchen"", ""Stove"", ""TV"", ""High chair""]",309.0,7,999,7,7,1125,1125,7.0,1125.0,,t,29,59,89,364,2024-09-05,1,0,0,2022-04-26,2022-04-26,4.0,4.0,2.0,5.0,5.0,5.0,3.0,,t,39,39,0,0,0.03
5516,697660000000000000,https://www.airbnb.com/rooms/697660155237369866,20240900000000,2024-09-05,previous scrape,Central Rialto Flat with view On the top balcony,Central flat just at 50 metres to Rialto bridge and 5 minutes to san Marco. The flat is at 5 floor of nice Building. Restaurants and bar are just in front.,,https://a0.muscache.com/pictures/63025217-070f-4a97-a7e4-b01e17f4a5e0.jpg,48092742,https://www.airbnb.com/users/show/48092742,Ciars,2015-11-03,"London, United Kingdom",,,,0.16,f,https://a0.muscache.com/im/pictures/user/d2546dc8-8a10-4900-8165-dcfb7da8a0e0.jpg?aki_policy=profile_small,https://a0.muscache.com/im/pictures/user/d2546dc8-8a10-4900-8165-dcfb7da8a0e0.jpg?aki_policy=profile_x_medium,Castello,47,77,"['email', 'phone']",t,f,,Castello,Isole,45.43833,12.33796,Entire condo,Entire home/apt,7,,1 bath,3.0,,"[""Washer"", ""Kitchen"", ""TV"", ""Wifi"", ""Fire extinguisher"", ""Air conditioning""]",,1,365,1,3,365,365,1.9,365.0,,,0,0,0,0,2024-09-05,2,0,0,2023-06-20,2023-08-20,4.0,4.0,2.5,5.0,3.5,4.5,3.5,,f,47,25,22,0,0.14
7771,1167350000000000000,https://www.airbnb.com/rooms/1167352913652898752,20240900000000,2024-09-05,city scrape,Rio Giardino @Locappart - Garden in Dorsoduro,"Superb 96 m2 flat with a 170 m2 Garden, located in the heart of Dorsoduro. In this exceptional, comfortable and elegantly decorated flat you can dine on the terrace or the dining room, relax in the garden or unwind in the large living room.<br>You'll be surprised by how quiet it is, despite its location just 2 steps from the lively Campo Santa Margherita, with its many shops, bars and restaurants.<br>(the garden may be partially occupied by the tenants of the adjoining studio)<br><br>",,https://a0.muscache.com/pictures/prohost-api/Hosting-1167352913652898752/original/0efdf58a-166a-4552-814b-cd87d25cbcb8.jpeg,12982157,https://www.airbnb.com/users/show/12982157,Locappart,2014-03-10,"Paris, France","Locâ€™appart est une sociÃ©tÃ© franÃ§aise spÃ©cialisÃ©e dans la location de courte durÃ©e en Italie depuis 1996. Profitez de votre sÃ©jour pour un minimum de trois nuits et un maximum dâ€™un mois, Ã  Venise, Florence, en Toscane, en Ombrie, Ã  Rome, Naples ou sur la cÃ´te amalfitaine dans lâ€™un de nos appartements authentiques sÃ©lectionnÃ©s avec soin. Vivez comme chez vous lÃ  oÃ¹ vous le souhaitez !_x000D_
Notre Ã©quipe de spÃ©cialistes dÃ©diÃ©s Ã  la rÃ©servation saura vous accompagner jusquâ€™Ã  votre dÃ©part et vous serez accueillis sur place par une de nos correspondantes locales multilingues._x000D_
Nous partageons toutes et tous le mÃªme amour pour lâ€™Italie et sommes sÃ»rs que vous passerez un trÃ¨s bon sÃ©jour avec nous._x000D_
Ciao e a presto !_x000D_
_x000D_
Locâ€™appart is a French company specialized in short-term rentals in Italy since 1996. From 3 nights to 1 month, enjoy your stay in Venice, Florence, Tuscany, Umbria, Rome, Naples, or the Amalfi Coast in one of our typical and exclusive apartments. Live like a local in the place you want!_x000D_
Our specialized reservation agents will be happy to guide you until your departure and you will be welcomed on-site by our multilingual local agents._x000D_
We all share the same love for Italy and are confident that youâ€™ll have a great stay with us._x000D_
Ciao e a presto !",within an hour,1.0,0.99,f,https://a0.muscache.com/im/users/12982157/profile_pic/1394804297/original.jpg?aki_policy=profile_small,https://a0.muscache.com/im/users/12982157/profile_pic/1394804297/original.jpg?aki_policy=profile_x_medium,Castello,51,98,"['email', 'phone']",t,t,,Dorsoduro,Isole,45.43235976,12.32259152,Entire rental unit,Entire home/apt,2,1.5,1.5 baths,1.0,1.0,"[""Refrigerator"", ""Dishes and silverware"", ""Hair dryer"", ""Heating"", ""Hot water"", ""Crib"", ""Bathtub"", ""Iron"", ""Host greets you"", ""Bed linens"", ""Backyard"", ""Garden view"", ""Washer"", ""Essentials"", ""Dishwasher"", ""Cooking basics"", ""Wifi"", ""Air conditioning"", ""Kitchen"", ""Stove"", ""TV"", ""Oven""]",253.0,1,1125,1,3,3,1125,2.6,247.2,,t,3,14,44,304,2024-09-05,1,1,1,2024-08-11,2024-08-11,4.0,3.0,2.0,4.0,3.0,4.0,3.0,,t,28,28,0,0,1.0
7781,1168110000000000000,https://www.airbnb.com/rooms/1168110571827790213,20240900000000,2024-09-05,city scrape,Venice City Room 3,"Relax in â€‹â€‹this quiet, centrally-located space.<br />the room is in an apartment on the 4th floor (with 2 elevators)<br />bathroom and kitchen shared with guests of the other rooms. electric kettle, microwave, oven, hob, refrigerator, dining area.<br />each room composed  , smart TV , .<br />200 meters distance available Supermarket, but 500 meters away is the bus stop",,https://a0.muscache.com/pictures/hosting/Hosting-1168110571827790213/original/f5887d4b-7329-43e2-a1a0-e6f7d881809a.jpeg,526060692,https://www.airbnb.com/users/show/526060692,Ashikur,2023-07-16,,,within an hour,1.0,0.98,f,https://a0.muscache.com/defaults/user_pic-50x50.png?v=3,https://a0.muscache.com/defaults/user_pic-225x225.png?v=3,,19,21,['phone'],f,t,,Marghera,Terraferma,45.48118,12.2239,Private room in rental unit,Private room,2,1.0,1 shared bath,1.0,1.0,"[""Refrigerator"", ""Shampoo"", ""Dining table"", ""Dishes and silverware"", ""Lock on bedroom door"", ""Cleaning products"", ""Hair dryer"", ""Heating"", ""Hot water"", ""Long term stays allowed"", ""Hot water kettle"", ""Trash compactor"", ""Body soap"", ""Patio or balcony"", ""Bed linens"", ""Room-darkening shades"", ""Microwave"", ""Bidet"", ""Wine glasses"", ""Hangers"", ""Essentials"", ""Cooking basics"", ""Wifi"", ""Clothing storage"", ""Kitchen"", ""Stove"", ""Laundromat nearby"", ""TV"", ""Oven""]",70.0,1,365,1,1,365,365,1.0,365.0,,t,13,36,36,157,2024-09-05,5,5,0,2024-06-04,2024-06-28,3.4,3.6,2.6,3.8,4.6,3.4,3.4,,t,19,2,17,0,1.6
